수제피클 만들기 피클링스파이스 방울토마토 피클 만드는 법,https://blog.naver.com/witchyoli/222748554363
두부를 넣은 토마토 계란 볶음 토달볶 만들기,https://blog.naver.com/rong1984/222748890000
방울 토마토 마리네이드 브루스케타 만들기 방울토마토 절임 요리,https://blog.naver.com/peace8012/222742025102
토마토쥬스만들기 토마토주스 만들기 토마토 요리,https://blog.naver.com/kimhy004/222748151096
토마토 계란볶음 만드는법 맛있는 저탄고지 식단,https://blog.naver.com/yee1036/222707854191
방울 토마토 마리네이드 빵도둑 세젤맛 방울 토마토 절임 요리,https://blog.naver.com/baby0817/222749721121
토마토쥬스만들기 토마토주스 만들기 토마토 갈아먹기,https://blog.naver.com/naettee/222716985157
초간단 계란국 끓이는법 토마토계란국 토마토계란탕,https://blog.naver.com/mijinkim80/222708974836
토마토 계란볶음 만드는법 달걀볶음 토달볶음 저탄고지 식단 방울토마토요리,https://blog.naver.com/bongs1021/222749428650
토마토 스파게티 만들기 냉동 닭가슴살 요리,https://blog.naver.com/lalacucina/222732135755
토마토쥬스만들기 아이들 건강한 간식 흡수율 높이고 맛있는 토마토주스,https://blog.naver.com/naipo000/222745985577
토마토 스파게티 만들기 꼬들이게 면 삶기,https://blog.naver.com/lovetogapyjs/222730821980
토마토쥬스만들기 토마토주스 만들기 토마토 갈아먹기,https://blog.naver.com/jin5194/222717360563
토마토의 무한한 변신! 그 레시피를 소개합니다!,https://post.naver.com/viewer/postView.naver?volumeNo=33721943&memberNo=35869883&vType=VERTICAL
토마토 카프레제 샐러드 폰타나 엑스트라버진올리브오일로 맛있는 발사믹소스 만들기,https://blog.naver.com/limeshampoo/222737642768
"토마토주스 만들기, 방울토마토 효능 챙기는 토마토쥬스만들기",https://blog.naver.com/yimi0505/222750050283
"토마토 주스 만드는법 쥬스 건강주스 , 아침주스 토마토 보관법",https://blog.naver.com/jsk3514/222718494837
백종원 토마토계란볶음 방울토마토 요리로 홈브런치,https://blog.naver.com/ilovezzangv2/222712236526
오이 토마토 넣고 돌나물물김치 만드는 법 5월 김치 봄 김치,https://blog.naver.com/madamivory/222727090951
토마토 계란볶음 토달볶 토마토달걀볶음,https://blog.naver.com/ssieie/222745044465
토마토주스 만들기 부드러운 야채주스 당근 토마토쥬스,https://blog.naver.com/love20021102/222716789140
에그인헬 레시피 샥슈카 두부면 파스타 홀 토마토소스 요리,https://blog.naver.com/pyoun0181/222717737681
다이어트 토마토주스 만들기 물 없이 토마토 갈아먹기,https://blog.naver.com/fever1332/222719775092
달콤하고 시원한 설탕절임 꿀토마토 만들기,https://blog.naver.com/orbyun/222750080988
토마토 카프레제 폰타나 올리브오일로 풍미 좋은 발사믹소스 만들기,https://blog.naver.com/gugu9416/222736171308
아보카도 방울토마토샐러드 만들기 아보카도요리 토마토요리 빵반찬 와인안주,https://blog.naver.com/bdan9333/222746386610
토마토 카프레제 발사믹을 더한 다이어트음식,https://blog.naver.com/dhdmsdo79/222727938624
방울 토마토 마리네이드 상콤시원 샐러드 방울토마토 절임 요리,https://blog.naver.com/psy9133/222727163624
"토마토주스 만들기, 얼음넣고 꿀넣고 갈아먹기",https://blog.naver.com/kkalgid1/222728734980
폰타나 올리브유와 발사믹식초로 만든 토마토샐러드,https://blog.naver.com/cooklhj/222722951374
